group,start_date,lat,lon,volume
environmental,2024-10-01 10:01:35+00:00,43.71417916666667,10.405410516666668,6
environmental,2024-10-01 10:01:35+00:00,43.731880966666665,10.405950266666666,3
environmental,2024-10-02 10:01:35+00:00,43.71417916666667,10.405410516666668,6
environmental,2024-10-02 10:01:35+00:00,43.731880966666665,10.405950266666666,3
environmental,2024-10-03 10:01:35+00:00,43.71360558,10.40569958,5
environmental,2024-10-04 10:01:35+00:00,43.723296000000005,10.392018533333333,3
environmental,2024-10-04 10:01:35+00:00,43.713054525,10.40556585,4
environmental,2024-10-05 10:01:35+00:00,43.723296000000005,10.392018533333333,3
environmental,2024-10-05 10:01:35+00:00,43.713054525,10.40556585,4
environmental,2024-10-06 10:01:35+00:00,43.723296000000005,10.392018533333333,3
environmental,2024-10-06 10:01:35+00:00,43.713054525,10.40556585,4
environmental,2024-10-07 10:01:35+00:00,43.723296000000005,10.392018533333333,3
environmental,2024-10-07 10:01:35+00:00,43.713054525,10.40556585,4
environmental,2024-10-08 10:01:35+00:00,43.723296000000005,10.392018533333333,3
environmental,2024-10-08 10:01:35+00:00,43.713054525,10.40556585,4
environmental,2024-10-09 10:01:35+00:00,43.723296000000005,10.392018533333333,3
environmental,2024-10-09 10:01:35+00:00,43.713054525,10.40556585,4
environmental,2024-10-10 10:01:35+00:00,43.723296000000005,10.392018533333333,3
environmental,2024-10-10 10:01:35+00:00,43.713161,10.40462368,5
environmental,2024-10-11 10:01:35+00:00,43.723296000000005,10.392018533333333,3
environmental,2024-10-11 10:01:35+00:00,43.713161,10.40462368,5
environmental,2024-10-12 10:01:35+00:00,43.723296000000005,10.392018533333333,3
environmental,2024-10-12 10:01:35+00:00,43.713019825,10.405227100000001,4
environmental,2024-10-13 10:01:35+00:00,43.723296000000005,10.392018533333333,3
environmental,2024-10-13 10:01:35+00:00,43.713019825,10.405227100000001,4
environmental,2024-10-14 10:01:35+00:00,43.723296000000005,10.392018533333333,3
environmental,2024-10-14 10:01:35+00:00,43.7135764,10.404762,3
environmental,2024-10-15 10:01:35+00:00,43.723296000000005,10.392018533333333,3
environmental,2024-10-15 10:01:35+00:00,43.7135764,10.404762,3
environmental,2024-10-16 10:01:35+00:00,43.723296000000005,10.392018533333333,3
environmental,2024-10-16 10:01:35+00:00,43.7135764,10.404762,3
environmental,2024-10-17 10:01:35+00:00,43.723296000000005,10.392018533333333,3
environmental,2024-10-20 10:01:35+00:00,43.72442786666667,10.4078396,3
environmental,2024-10-21 10:01:35+00:00,43.72142496,10.40566938,5
environmental,2024-10-22 10:01:35+00:00,43.72142496,10.40566938,5
environmental,2024-10-23 10:01:35+00:00,43.72142496,10.40566938,5
environmental,2024-10-24 10:01:35+00:00,43.72142496,10.40566938,5
environmental,2024-10-25 10:01:35+00:00,43.716880599999996,10.4046804,3
environmental,2024-10-26 10:01:35+00:00,43.716880599999996,10.4046804,3
environmental,2024-10-27 10:01:35+00:00,43.716880599999996,10.4046804,3
environmental,2024-10-28 10:01:35+00:00,43.716043475,10.4046433,4
environmental,2024-10-29 10:01:35+00:00,43.716043475,10.4046433,4
environmental,2024-10-30 10:01:35+00:00,43.716043475,10.4046433,4
environmental,2024-10-31 10:01:35+00:00,43.71686233333333,10.405906066666667,3
environmental,2024-11-01 10:01:35+00:00,43.71686233333333,10.405906066666667,3
environmental,2024-11-02 10:01:35+00:00,43.71686233333333,10.405906066666667,3
environmental,2024-11-03 10:01:35+00:00,43.71686233333333,10.405906066666667,3
environmental,2024-11-03 10:01:35+00:00,43.731877133333334,10.405967533333333,3
environmental,2024-11-04 10:01:35+00:00,43.71686233333333,10.405906066666667,3
environmental,2024-11-04 10:01:35+00:00,43.731867925,10.405979825,4
environmental,2024-11-05 10:01:35+00:00,43.71686233333333,10.405906066666667,3
environmental,2024-11-05 10:01:35+00:00,43.731843266666665,10.406006766666666,3
environmental,2024-11-06 10:01:35+00:00,43.71686233333333,10.405906066666667,3
environmental,2024-11-06 10:01:35+00:00,43.731843266666665,10.406006766666666,3
environmental,2024-11-07 10:01:35+00:00,43.71686233333333,10.405906066666667,3
environmental,2024-11-07 10:01:35+00:00,43.731843266666665,10.406006766666666,3
environmental,2024-11-08 10:01:35+00:00,43.71686233333333,10.405906066666667,3
environmental,2024-11-08 10:01:35+00:00,43.731846175,10.405972625,4
environmental,2024-11-09 10:01:35+00:00,43.71686233333333,10.405906066666667,3
environmental,2024-11-09 10:01:35+00:00,43.731846175,10.405972625,4
environmental,2024-11-10 10:01:35+00:00,43.731846175,10.405972625,4
environmental,2024-11-11 10:01:35+00:00,43.731846175,10.405972625,4
environmental,2024-11-12 10:01:35+00:00,43.73215164,10.40508952,5
environmental,2024-11-13 10:01:35+00:00,43.73215164,10.40508952,5
environmental,2024-11-13 10:01:35+00:00,43.7158574,10.407671375,4
environmental,2024-11-14 10:01:35+00:00,43.73215164,10.40508952,5
environmental,2024-11-14 10:01:35+00:00,43.7158574,10.407671375,4
environmental,2024-11-15 10:01:35+00:00,43.73131948333333,10.405015083333334,6
environmental,2024-11-15 10:01:35+00:00,43.7158574,10.407671375,4
environmental,2024-11-16 10:01:35+00:00,43.73131948333333,10.405015083333334,6
environmental,2024-11-16 10:01:35+00:00,43.7158574,10.407671375,4
environmental,2024-11-17 10:01:35+00:00,43.73131948333333,10.405015083333334,6
environmental,2024-11-17 10:01:35+00:00,43.7158574,10.407671375,4
environmental,2024-11-18 10:01:35+00:00,43.731319633333335,10.405015950000001,6
environmental,2024-11-18 10:01:35+00:00,43.7166325,10.408717833333334,3
environmental,2024-11-19 10:01:35+00:00,43.731319633333335,10.405015950000001,6
environmental,2024-11-19 10:01:35+00:00,43.7166325,10.408717833333334,3
environmental,2024-11-20 10:01:35+00:00,43.73072537142858,10.404969871428571,7
environmental,2024-11-20 10:01:35+00:00,43.7166325,10.408717833333334,3
environmental,2024-11-21 10:01:35+00:00,43.73072537142858,10.404969871428571,7
environmental,2024-11-21 10:01:35+00:00,43.7166325,10.408717833333334,3
environmental,2024-11-22 10:01:35+00:00,43.73072537142858,10.404969871428571,7
environmental,2024-11-22 10:01:35+00:00,43.7166325,10.408717833333334,3
environmental,2024-11-23 10:01:35+00:00,43.73072537142858,10.404969871428571,7
environmental,2024-11-23 10:01:35+00:00,43.7166325,10.408717833333334,3
environmental,2024-11-24 10:01:35+00:00,43.73053903333334,10.404800366666667,6
environmental,2024-11-24 10:01:35+00:00,43.7166325,10.408717833333334,3
environmental,2024-11-25 10:01:35+00:00,43.730278780000006,10.404557100000002,5
environmental,2024-11-25 10:01:35+00:00,43.717218280000004,10.409636180000001,5
environmental,2024-11-26 10:01:35+00:00,43.730278780000006,10.404557100000002,5
environmental,2024-11-26 10:01:35+00:00,43.717218280000004,10.409636180000001,5
environmental,2024-11-27 10:01:35+00:00,43.730278780000006,10.404557100000002,5
environmental,2024-11-27 10:01:35+00:00,43.717218280000004,10.409636180000001,5
environmental,2024-11-28 10:01:35+00:00,43.730278780000006,10.404557100000002,5
environmental,2024-11-28 10:01:35+00:00,43.717218280000004,10.409636180000001,5
environmental,2024-11-29 10:01:35+00:00,43.729884750000004,10.404228825,4
environmental,2024-11-29 10:01:35+00:00,43.71717391666667,10.409506166666668,6
environmental,2024-11-30 10:01:35+00:00,43.73028816,10.40457932,5
environmental,2024-11-30 10:01:35+00:00,43.71717391666667,10.409506166666668,6
environmental,2024-12-01 10:01:35+00:00,43.73028816,10.40457932,5
environmental,2024-12-01 10:01:35+00:00,43.71717391666667,10.409506166666668,6
environmental,2024-12-02 10:01:35+00:00,43.73028816,10.40457932,5
environmental,2024-12-02 10:01:35+00:00,43.71717391666667,10.409506166666668,6
environmental,2024-12-03 10:01:35+00:00,43.729516825000005,10.405334875000001,4
environmental,2024-12-03 10:01:35+00:00,43.71717391666667,10.409506166666668,6
environmental,2024-12-04 10:01:35+00:00,43.729516825000005,10.405334875000001,4
environmental,2024-12-04 10:01:35+00:00,43.717245725000005,10.4081439,4
environmental,2024-12-05 10:01:35+00:00,43.729516825000005,10.405334875000001,4
environmental,2024-12-05 10:01:35+00:00,43.717245725000005,10.4081439,4
environmental,2024-12-06 10:01:35+00:00,43.73092752,10.4057285,5
environmental,2024-12-06 10:01:35+00:00,43.717112060000005,10.408306,5
environmental,2024-12-07 10:01:35+00:00,43.73092752,10.4057285,5
environmental,2024-12-07 10:01:35+00:00,43.717112060000005,10.408306,5
environmental,2024-12-08 10:01:35+00:00,43.73092752,10.4057285,5
environmental,2024-12-08 10:01:35+00:00,43.717050316666665,10.4084465,6
environmental,2024-12-09 10:01:35+00:00,43.717050316666665,10.4084465,6
environmental,2024-12-09 10:01:35+00:00,43.73069765,10.40565515,4
environmental,2024-12-10 10:01:35+00:00,43.717050316666665,10.4084465,6
environmental,2024-12-10 10:01:35+00:00,43.73069765,10.40565515,4
environmental,2024-12-11 10:01:35+00:00,43.717050316666665,10.4084465,6
environmental,2024-12-11 10:01:35+00:00,43.73187693333333,10.405975733333333,3
environmental,2024-12-11 10:01:35+00:00,43.72308433333333,10.3897779,3
environmental,2024-12-12 10:01:35+00:00,43.717050316666665,10.4084465,6
environmental,2024-12-12 10:01:35+00:00,43.73187693333333,10.405975733333333,3
environmental,2024-12-12 10:01:35+00:00,43.72308433333333,10.3897779,3
environmental,2024-12-13 10:01:35+00:00,43.717050316666665,10.4084465,6
environmental,2024-12-13 10:01:35+00:00,43.73187693333333,10.405975733333333,3
environmental,2024-12-13 10:01:35+00:00,43.72308433333333,10.3897779,3
environmental,2024-12-14 10:01:35+00:00,43.717050316666665,10.4084465,6
environmental,2024-12-14 10:01:35+00:00,43.73187693333333,10.405975733333333,3
environmental,2024-12-14 10:01:35+00:00,43.72308433333333,10.3897779,3
environmental,2024-12-15 10:01:35+00:00,43.71657488571429,10.407612757142857,7
environmental,2024-12-15 10:01:35+00:00,43.73187693333333,10.405975733333333,3
environmental,2024-12-15 10:01:35+00:00,43.7230645,10.389835375,4
environmental,2024-12-16 10:01:35+00:00,43.73187693333333,10.405975733333333,3
environmental,2024-12-16 10:01:35+00:00,43.71596606000001,10.40625238,5
environmental,2024-12-16 10:01:35+00:00,43.7230645,10.389835375,4
environmental,2024-12-17 10:01:35+00:00,43.73187693333333,10.405975733333333,3
environmental,2024-12-17 10:01:35+00:00,43.71596606000001,10.40625238,5
environmental,2024-12-17 10:01:35+00:00,43.7230645,10.389835375,4
environmental,2024-12-18 10:01:35+00:00,43.731869375,10.4059709,4
environmental,2024-12-18 10:01:35+00:00,43.71596606000001,10.40625238,5
environmental,2024-12-18 10:01:35+00:00,43.7230645,10.389835375,4
environmental,2024-12-19 10:01:35+00:00,43.731869375,10.4059709,4
environmental,2024-12-19 10:01:35+00:00,43.71608118333333,10.406722016666667,6
environmental,2024-12-19 10:01:35+00:00,43.7230645,10.389835375,4
environmental,2024-12-20 10:01:35+00:00,43.731869375,10.4059709,4
environmental,2024-12-20 10:01:35+00:00,43.715907,10.406295199999999,5
environmental,2024-12-20 10:01:35+00:00,43.7230645,10.389835375,4
environmental,2024-12-21 10:01:35+00:00,43.731858566666666,10.405967433333332,3
environmental,2024-12-21 10:01:35+00:00,43.715907,10.406295199999999,5
environmental,2024-12-21 10:01:35+00:00,43.72212833333333,10.389411033333333,3
environmental,2024-12-22 10:01:35+00:00,43.731858566666666,10.405967433333332,3
environmental,2024-12-22 10:01:35+00:00,43.715907,10.406295199999999,5
environmental,2024-12-22 10:01:35+00:00,43.72212833333333,10.389411033333333,3
environmental,2024-12-23 10:01:35+00:00,43.731858566666666,10.405967433333332,3
environmental,2024-12-23 10:01:35+00:00,43.71566276666667,10.406453,6
environmental,2024-12-23 10:01:35+00:00,43.72212833333333,10.389411033333333,3
environmental,2024-12-24 10:01:35+00:00,43.731858566666666,10.405967433333332,3
environmental,2024-12-24 10:01:35+00:00,43.71566276666667,10.406453,6
environmental,2024-12-24 10:01:35+00:00,43.72212833333333,10.389411033333333,3
environmental,2024-12-25 10:01:35+00:00,43.731858566666666,10.405967433333332,3
environmental,2024-12-25 10:01:35+00:00,43.715627940000005,10.407405180000001,5
environmental,2024-12-25 10:01:35+00:00,43.72212833333333,10.389411033333333,3
environmental,2024-12-26 10:01:35+00:00,43.731858566666666,10.405967433333332,3
environmental,2024-12-26 10:01:35+00:00,43.715627940000005,10.407405180000001,5
environmental,2024-12-27 10:01:35+00:00,43.715390575,10.407017875,4
environmental,2024-12-27 10:01:35+00:00,43.7229251,10.390586033333333,3
environmental,2024-12-28 10:01:35+00:00,43.71642,10.40613636,5
environmental,2024-12-28 10:01:35+00:00,43.7229251,10.390586033333333,3
environmental,2024-12-29 10:01:35+00:00,43.7163396,10.4053832,4
environmental,2024-12-29 10:01:35+00:00,43.723960825,10.391134725,4
environmental,2024-12-30 10:01:35+00:00,43.7163396,10.4053832,4
environmental,2024-12-30 10:01:35+00:00,43.723960825,10.391134725,4
environmental,2024-12-31 10:01:35+00:00,43.7163396,10.4053832,4
environmental,2024-12-31 10:01:35+00:00,43.723960825,10.391134725,4
environmental,2025-01-01 10:01:35+00:00,43.7163396,10.4053832,4
environmental,2025-01-01 10:01:35+00:00,43.72427943333333,10.391510366666667,3
environmental,2025-01-02 10:01:35+00:00,43.7163396,10.4053832,4
environmental,2025-01-02 10:01:35+00:00,43.72427943333333,10.391510366666667,3
environmental,2025-01-03 10:01:35+00:00,43.7163396,10.4053832,4
environmental,2025-01-03 10:01:35+00:00,43.724292500000004,10.39153855,4
environmental,2025-01-04 10:01:35+00:00,43.7163396,10.4053832,4
environmental,2025-01-04 10:01:35+00:00,43.724292500000004,10.39153855,4
environmental,2025-01-05 10:01:35+00:00,43.71721203333333,10.406307499999999,3
environmental,2025-01-05 10:01:35+00:00,43.724721666666674,10.3920488,3
environmental,2025-01-06 10:01:35+00:00,43.71988205,10.4102504,6
environmental,2025-01-06 10:01:35+00:00,43.724721666666674,10.3920488,3
environmental,2025-01-07 10:01:35+00:00,43.71988205,10.4102504,6
environmental,2025-01-07 10:01:35+00:00,43.724721666666674,10.3920488,3
environmental,2025-01-08 10:01:35+00:00,43.718676771428576,10.409731085714286,7
environmental,2025-01-08 10:01:35+00:00,43.723775550000006,10.391137925,4
environmental,2025-01-09 10:01:35+00:00,43.7154748,10.405489166666667,3
environmental,2025-01-09 10:01:35+00:00,43.723775550000006,10.391137925,4
environmental,2025-01-09 10:01:35+00:00,43.72255206666667,10.4141933,3
environmental,2025-01-10 10:01:35+00:00,43.7154748,10.405489166666667,3
environmental,2025-01-10 10:01:35+00:00,43.723775550000006,10.391137925,4
environmental,2025-01-10 10:01:35+00:00,43.72255206666667,10.4141933,3
environmental,2025-01-11 10:01:35+00:00,43.7154748,10.405489166666667,3
environmental,2025-01-11 10:01:35+00:00,43.723775550000006,10.391137925,4
environmental,2025-01-11 10:01:35+00:00,43.72255206666667,10.4141933,3
environmental,2025-01-12 10:01:35+00:00,43.7154748,10.405489166666667,3
environmental,2025-01-12 10:01:35+00:00,43.723775550000006,10.391137925,4
environmental,2025-01-12 10:01:35+00:00,43.73189036666667,10.4059709,3
environmental,2025-01-12 10:01:35+00:00,43.72255206666667,10.4141933,3
environmental,2025-01-13 10:01:35+00:00,43.727483025,10.397783275000002,8
environmental,2025-01-13 10:01:35+00:00,43.72255206666667,10.4141933,3
environmental,2025-01-14 10:01:35+00:00,43.727483025,10.397783275000002,8
environmental,2025-01-14 10:01:35+00:00,43.72255206666667,10.4141933,3
environmental,2025-01-15 10:01:35+00:00,43.72727367,10.397254479999999,10
environmental,2025-01-15 10:01:35+00:00,43.72255206666667,10.4141933,3
environmental,2025-01-16 10:01:35+00:00,43.727171161538465,10.398617384615385,13
environmental,2025-01-16 10:01:35+00:00,43.72255206666667,10.4141933,3
environmental,2025-01-17 10:01:35+00:00,43.727873961538464,10.399708761538461,13
environmental,2025-01-18 10:01:35+00:00,43.72817424545454,10.39887341818182,11
environmental,2025-01-19 10:01:35+00:00,43.73113882222222,10.404715822222222,9
environmental,2025-01-19 10:01:35+00:00,43.7220979,10.388128266666667,3
environmental,2025-01-20 10:01:35+00:00,43.73113882222222,10.404715822222222,9
environmental,2025-01-20 10:01:35+00:00,43.7220979,10.388128266666667,3
infrastructure,2024-10-01 10:01:35+00:00,43.72075795789474,10.399047236842105,19
infrastructure,2024-10-02 10:01:35+00:00,43.7210715368421,10.398599221052631,19
infrastructure,2024-10-03 10:01:35+00:00,43.72114079000001,10.398106864999999,20
infrastructure,2024-10-04 10:01:35+00:00,43.72210246363637,10.398166986363636,22
infrastructure,2024-10-05 10:01:35+00:00,43.72210246363637,10.398166986363636,22
infrastructure,2024-10-06 10:01:35+00:00,43.72210246363637,10.398166986363636,22
infrastructure,2024-10-07 10:01:35+00:00,43.721883035000005,10.397244169999999,20
infrastructure,2024-10-08 10:01:35+00:00,43.722002427777774,10.395017461111111,18
infrastructure,2024-10-09 10:01:35+00:00,43.721665017647055,10.394818635294119,17
infrastructure,2024-10-10 10:01:35+00:00,43.721665017647055,10.394818635294119,17
infrastructure,2024-10-10 10:01:35+00:00,43.7228488,10.410342666666667,3
infrastructure,2024-10-11 10:01:35+00:00,43.721665017647055,10.394818635294119,17
infrastructure,2024-10-11 10:01:35+00:00,43.7228488,10.410342666666667,3
infrastructure,2024-10-12 10:01:35+00:00,43.72332184375,10.3927848,16
infrastructure,2024-10-12 10:01:35+00:00,43.7228488,10.410342666666667,3
infrastructure,2024-10-12 10:01:35+00:00,43.71274486666667,10.406277166666666,3
infrastructure,2024-10-13 10:01:35+00:00,43.72328344117647,10.392875758823529,17
infrastructure,2024-10-13 10:01:35+00:00,43.7228488,10.410342666666667,3
infrastructure,2024-10-13 10:01:35+00:00,43.71274486666667,10.406277166666666,3
infrastructure,2024-10-14 10:01:35+00:00,43.72332168571428,10.393212764285712,14
infrastructure,2024-10-14 10:01:35+00:00,43.7228488,10.410342666666667,3
infrastructure,2024-10-15 10:01:35+00:00,43.72323310000001,10.393586926666666,15
infrastructure,2024-10-15 10:01:35+00:00,43.725098474999996,10.409262550000001,4
infrastructure,2024-10-16 10:01:35+00:00,43.7234337375,10.3935584875,16
infrastructure,2024-10-16 10:01:35+00:00,43.725098474999996,10.409262550000001,4
infrastructure,2024-10-17 10:01:35+00:00,43.723191453333335,10.393610333333333,15
infrastructure,2024-10-17 10:01:35+00:00,43.72056248571429,10.408332714285715,7
infrastructure,2024-10-18 10:01:35+00:00,43.722442,10.39834911818182,22
infrastructure,2024-10-19 10:01:35+00:00,43.72258413913043,10.398049543478262,23
infrastructure,2024-10-20 10:01:35+00:00,43.72256808095238,10.398476723809525,21
infrastructure,2024-10-21 10:01:35+00:00,43.72291080526316,10.397832252631577,19
infrastructure,2024-10-22 10:01:35+00:00,43.722847535,10.398597794999999,20
infrastructure,2024-10-23 10:01:35+00:00,43.722621821052634,10.398910994736843,19
infrastructure,2024-10-24 10:01:35+00:00,43.72251226315789,10.398882857894735,19
infrastructure,2024-10-25 10:01:35+00:00,43.72238595,10.398323455555555,18
infrastructure,2024-10-26 10:01:35+00:00,43.721983720000004,10.398122015,20
infrastructure,2024-10-27 10:01:35+00:00,43.721983720000004,10.398122015,20
infrastructure,2024-10-28 10:01:35+00:00,43.72158126190477,10.398427252380953,21
infrastructure,2024-10-29 10:01:35+00:00,43.721549585000005,10.398744670000001,20
infrastructure,2024-10-30 10:01:35+00:00,43.721549585000005,10.398744670000001,20
infrastructure,2024-10-31 10:01:35+00:00,43.72400792307691,10.39413136153846,13
infrastructure,2024-10-31 10:01:35+00:00,43.715726350000004,10.4071268,6
infrastructure,2024-11-01 10:01:35+00:00,43.723899707142856,10.39419755,14
infrastructure,2024-11-01 10:01:35+00:00,43.715726350000004,10.4071268,6
infrastructure,2024-11-02 10:01:35+00:00,43.72410746666666,10.394268991666666,12
infrastructure,2024-11-02 10:01:35+00:00,43.716571980000005,10.40732342,5
infrastructure,2024-11-03 10:01:35+00:00,43.724113966666664,10.394125041666667,12
infrastructure,2024-11-03 10:01:35+00:00,43.716571980000005,10.40732342,5
infrastructure,2024-11-04 10:01:35+00:00,43.724113966666664,10.394125041666667,12
infrastructure,2024-11-04 10:01:35+00:00,43.716571980000005,10.40732342,5
infrastructure,2024-11-05 10:01:35+00:00,43.721206156250005,10.397818462499998,16
infrastructure,2024-11-06 10:01:35+00:00,43.7226222875,10.391333275000001,8
infrastructure,2024-11-06 10:01:35+00:00,43.719171075000006,10.406919,8
infrastructure,2024-11-07 10:01:35+00:00,43.72254067777778,10.391396477777777,9
infrastructure,2024-11-07 10:01:35+00:00,43.71952994285714,10.406611757142858,7
infrastructure,2024-11-08 10:01:35+00:00,43.72254067777778,10.391396477777777,9
infrastructure,2024-11-08 10:01:35+00:00,43.71906785,10.402955625,4
infrastructure,2024-11-09 10:01:35+00:00,43.721947766666666,10.391036322222224,9
infrastructure,2024-11-09 10:01:35+00:00,43.71906785,10.402955625,4
infrastructure,2024-11-10 10:01:35+00:00,43.721947766666666,10.391036322222224,9
infrastructure,2024-11-10 10:01:35+00:00,43.720147575,10.40784625,8
infrastructure,2024-11-11 10:01:35+00:00,43.72211675555556,10.39078601111111,9
infrastructure,2024-11-11 10:01:35+00:00,43.719010714285716,10.408845000000001,7
infrastructure,2024-11-12 10:01:35+00:00,43.72211675555556,10.39078601111111,9
infrastructure,2024-11-12 10:01:35+00:00,43.7185716,10.40812865,6
infrastructure,2024-11-13 10:01:35+00:00,43.72208023,10.390363589999998,10
infrastructure,2024-11-13 10:01:35+00:00,43.7180706875,10.408235025,8
infrastructure,2024-11-14 10:01:35+00:00,43.7222697,10.390602044444446,9
infrastructure,2024-11-14 10:01:35+00:00,43.71742909,10.40745162,10
infrastructure,2024-11-15 10:01:35+00:00,43.71861023333333,10.40694755,12
infrastructure,2024-11-15 10:01:35+00:00,43.7222323375,10.3908133,8
infrastructure,2024-11-16 10:01:35+00:00,43.72032821363636,10.400947381818183,22
infrastructure,2024-11-17 10:01:35+00:00,43.72052279200001,10.401140923999998,25
infrastructure,2024-11-18 10:01:35+00:00,43.72081407083334,10.400999629166668,24
infrastructure,2024-11-19 10:01:35+00:00,43.72081407083334,10.400999629166668,24
infrastructure,2024-11-20 10:01:35+00:00,43.7214196925926,10.401293974074076,27
infrastructure,2024-11-21 10:01:35+00:00,43.72120051724137,10.401525731034484,29
infrastructure,2024-11-22 10:01:35+00:00,43.72121817586208,10.401351586206898,29
infrastructure,2024-11-23 10:01:35+00:00,43.72121817586208,10.401351586206898,29
infrastructure,2024-11-24 10:01:35+00:00,43.72115176896552,10.401619713793105,29
infrastructure,2024-11-25 10:01:35+00:00,43.72095468387098,10.402225777419357,31
infrastructure,2024-11-26 10:01:35+00:00,43.72095612666667,10.402172463333335,30
infrastructure,2024-11-27 10:01:35+00:00,43.72093765862069,10.401762731034484,29
infrastructure,2024-11-28 10:01:35+00:00,43.72094089655172,10.401640924137933,29
infrastructure,2024-11-29 10:01:35+00:00,43.72076428125,10.402348453125,32
infrastructure,2024-11-30 10:01:35+00:00,43.72077683870969,10.402804290322583,31
infrastructure,2024-12-01 10:01:35+00:00,43.72076930689656,10.402178734482762,29
infrastructure,2024-12-02 10:01:35+00:00,43.72069509285715,10.402630060714287,28
infrastructure,2024-12-03 10:01:35+00:00,43.72069509285715,10.402630060714287,28
infrastructure,2024-12-04 10:01:35+00:00,43.72090929166668,10.4032232375,24
infrastructure,2024-12-05 10:01:35+00:00,43.72180979565217,10.403272208695652,23
infrastructure,2024-12-06 10:01:35+00:00,43.72155206666666,10.403162209523808,21
infrastructure,2024-12-07 10:01:35+00:00,43.72156487777778,10.403795961111111,18
infrastructure,2024-12-08 10:01:35+00:00,43.72133323076923,10.40632839230769,13
infrastructure,2024-12-09 10:01:35+00:00,43.7215513125,10.4035150375,16
infrastructure,2024-12-10 10:01:35+00:00,43.72169451111111,10.403641877777778,18
infrastructure,2024-12-11 10:01:35+00:00,43.72015567857142,10.403433464285714,14
infrastructure,2024-12-12 10:01:35+00:00,43.72047468333334,10.403229966666666,12
infrastructure,2024-12-13 10:01:35+00:00,43.72047468333334,10.403229966666666,12
infrastructure,2024-12-14 10:01:35+00:00,43.72047468333334,10.403229966666666,12
infrastructure,2024-12-15 10:01:35+00:00,43.72252145,10.39225565,4
infrastructure,2024-12-15 10:01:35+00:00,43.718563937499994,10.408995987499999,8
infrastructure,2024-12-16 10:01:35+00:00,43.72252145,10.39225565,4
infrastructure,2024-12-16 10:01:35+00:00,43.71871960000001,10.408323416666667,6
infrastructure,2024-12-17 10:01:35+00:00,43.722580900000004,10.391699339999999,5
infrastructure,2024-12-17 10:01:35+00:00,43.71871960000001,10.408323416666667,6
infrastructure,2024-12-18 10:01:35+00:00,43.722580900000004,10.391699339999999,5
infrastructure,2024-12-18 10:01:35+00:00,43.71817757142857,10.408040014285715,7
infrastructure,2024-12-19 10:01:35+00:00,43.7227307,10.39253175,4
infrastructure,2024-12-19 10:01:35+00:00,43.718345355555556,10.408828744444444,9
infrastructure,2024-12-20 10:01:35+00:00,43.71956624166666,10.402354466666665,12
infrastructure,2024-12-21 10:01:35+00:00,43.71956624166666,10.402354466666665,12
infrastructure,2024-12-22 10:01:35+00:00,43.72026389285713,10.400911578571428,14
infrastructure,2024-12-23 10:01:35+00:00,43.72026389285713,10.400911578571428,14
infrastructure,2024-12-24 10:01:35+00:00,43.72034752941176,10.401568547058822,17
infrastructure,2024-12-25 10:01:35+00:00,43.720787009999995,10.400018339999999,20
infrastructure,2024-12-26 10:01:35+00:00,43.720787009999995,10.400018339999999,20
infrastructure,2024-12-27 10:01:35+00:00,43.72089636190475,10.400696614285714,21
infrastructure,2024-12-28 10:01:35+00:00,43.72101146190475,10.401170957142858,21
infrastructure,2024-12-29 10:01:35+00:00,43.72101146190475,10.401170957142858,21
infrastructure,2024-12-30 10:01:35+00:00,43.721431233333334,10.402229241666666,24
infrastructure,2024-12-31 10:01:35+00:00,43.721236686956516,10.40193131304348,23
infrastructure,2025-01-01 10:01:35+00:00,43.721236686956516,10.40193131304348,23
infrastructure,2025-01-02 10:01:35+00:00,43.720820279166674,10.402133720833334,24
infrastructure,2025-01-03 10:01:35+00:00,43.720929139999996,10.402711676,25
infrastructure,2025-01-04 10:01:35+00:00,43.72068137777778,10.402212866666664,27
infrastructure,2025-01-05 10:01:35+00:00,43.72094903461539,10.40219758076923,26
infrastructure,2025-01-06 10:01:35+00:00,43.7209593107143,10.401996435714285,28
infrastructure,2025-01-07 10:01:35+00:00,43.72089044444445,10.402460225925925,27
infrastructure,2025-01-08 10:01:35+00:00,43.72116663333333,10.402082714814814,27
infrastructure,2025-01-09 10:01:35+00:00,43.721527935000005,10.397224035,20
infrastructure,2025-01-09 10:01:35+00:00,43.72091611666667,10.414251783333333,6
infrastructure,2025-01-10 10:01:35+00:00,43.721923544444444,10.396569394444445,18
infrastructure,2025-01-10 10:01:35+00:00,43.72091611666667,10.414251783333333,6
infrastructure,2025-01-11 10:01:35+00:00,43.721923544444444,10.396569394444445,18
infrastructure,2025-01-11 10:01:35+00:00,43.72091611666667,10.414251783333333,6
infrastructure,2025-01-12 10:01:35+00:00,43.7216077625,10.3971087875,16
infrastructure,2025-01-12 10:01:35+00:00,43.72091611666667,10.414251783333333,6
infrastructure,2025-01-13 10:01:35+00:00,43.721503342105265,10.397550689473684,19
infrastructure,2025-01-13 10:01:35+00:00,43.72091611666667,10.414251783333333,6
infrastructure,2025-01-14 10:01:35+00:00,43.720685225,10.39827312,20
infrastructure,2025-01-14 10:01:35+00:00,43.72085766,10.41428046,5
infrastructure,2025-01-15 10:01:35+00:00,43.720198493750004,10.40044084375,16
infrastructure,2025-01-15 10:01:35+00:00,43.72085766,10.41428046,5
infrastructure,2025-01-16 10:01:35+00:00,43.720198493750004,10.40044084375,16
infrastructure,2025-01-16 10:01:35+00:00,43.72085766,10.41428046,5
infrastructure,2025-01-17 10:01:35+00:00,43.720552874999996,10.398497565,20
infrastructure,2025-01-17 10:01:35+00:00,43.720301225,10.41428505,4
infrastructure,2025-01-18 10:01:35+00:00,43.720552874999996,10.398497565,20
infrastructure,2025-01-18 10:01:35+00:00,43.72014896666667,10.413891533333334,3
infrastructure,2025-01-19 10:01:35+00:00,43.720552874999996,10.398497565,20
infrastructure,2025-01-19 10:01:35+00:00,43.72014896666667,10.413891533333334,3
infrastructure,2025-01-20 10:01:35+00:00,43.720260311111105,10.39811065,18
safety,2024-10-01 10:01:35+00:00,43.71932958888888,10.410293311111111,9
safety,2024-10-02 10:01:35+00:00,43.719880739999994,10.409762859999999,10
safety,2024-10-03 10:01:35+00:00,43.719880739999994,10.409762859999999,10
safety,2024-10-04 10:01:35+00:00,43.72158522222222,10.409192644444445,9
safety,2024-10-05 10:01:35+00:00,43.72158522222222,10.409192644444445,9
safety,2024-10-06 10:01:35+00:00,43.72191081,10.408772259999997,10
safety,2024-10-07 10:01:35+00:00,43.72426754285714,10.407955642857143,7
safety,2024-10-08 10:01:35+00:00,43.72426754285714,10.407955642857143,7
safety,2024-10-09 10:01:35+00:00,43.7252146375,10.4077152625,8
safety,2024-10-10 10:01:35+00:00,43.725175825,10.408144775,8
safety,2024-10-11 10:01:35+00:00,43.725175825,10.408144775,8
safety,2024-10-12 10:01:35+00:00,43.7249137,10.408811288888888,9
safety,2024-10-13 10:01:35+00:00,43.7249137,10.408811288888888,9
safety,2024-10-14 10:01:35+00:00,43.72437642,10.409283579999999,10
safety,2024-10-15 10:01:35+00:00,43.72437642,10.409283579999999,10
safety,2024-10-16 10:01:35+00:00,43.72437642,10.409283579999999,10
safety,2024-10-17 10:01:35+00:00,43.7220651076923,10.408799153846154,13
safety,2024-10-18 10:01:35+00:00,43.72189621538462,10.408354923076924,13
safety,2024-10-19 10:01:35+00:00,43.72189621538462,10.408354923076924,13
safety,2024-10-20 10:01:35+00:00,43.72189621538462,10.408354923076924,13
safety,2024-10-21 10:01:35+00:00,43.72187680909091,10.407899281818182,11
safety,2024-10-22 10:01:35+00:00,43.721857525,10.408336266666668,12
safety,2024-10-23 10:01:35+00:00,43.721586290909094,10.408640581818183,11
safety,2024-10-24 10:01:35+00:00,43.722533,10.388620266666667,3
safety,2024-10-24 10:01:35+00:00,43.72156150000001,10.409011083333334,12
safety,2024-10-25 10:01:35+00:00,43.722533,10.388620266666667,3
safety,2024-10-25 10:01:35+00:00,43.72156498333334,10.408998166666667,12
safety,2024-10-26 10:01:35+00:00,43.722533,10.388620266666667,3
safety,2024-10-26 10:01:35+00:00,43.72121036428572,10.408593721428572,14
safety,2024-10-27 10:01:35+00:00,43.723773740000006,10.390073860000001,5
safety,2024-10-27 10:01:35+00:00,43.72093107692308,10.408871023076923,13
safety,2024-10-28 10:01:35+00:00,43.723773740000006,10.390073860000001,5
safety,2024-10-28 10:01:35+00:00,43.72093107692308,10.408871023076923,13
safety,2024-10-29 10:01:35+00:00,43.723773740000006,10.390073860000001,5
safety,2024-10-29 10:01:35+00:00,43.72093107692308,10.408871023076923,13
safety,2024-10-30 10:01:35+00:00,43.723773740000006,10.390073860000001,5
safety,2024-10-30 10:01:35+00:00,43.720664678571424,10.40912634285714,14
safety,2024-10-31 10:01:35+00:00,43.72454307500001,10.391415474999999,4
safety,2024-10-31 10:01:35+00:00,43.72036729999999,10.4091803,13
safety,2024-11-01 10:01:35+00:00,43.72454307500001,10.391415474999999,4
safety,2024-11-01 10:01:35+00:00,43.72036729999999,10.4091803,13
safety,2024-11-02 10:01:35+00:00,43.72454307500001,10.391415474999999,4
safety,2024-11-02 10:01:35+00:00,43.72095090909091,10.409005163636364,11
safety,2024-11-03 10:01:35+00:00,43.72454307500001,10.391415474999999,4
safety,2024-11-03 10:01:35+00:00,43.72095090909091,10.409005163636364,11
safety,2024-11-04 10:01:35+00:00,43.72454307500001,10.391415474999999,4
safety,2024-11-04 10:01:35+00:00,43.72177712222222,10.408798088888888,9
safety,2024-11-05 10:01:35+00:00,43.72454307500001,10.391415474999999,4
safety,2024-11-05 10:01:35+00:00,43.72169055,10.408300800000001,10
safety,2024-11-06 10:01:35+00:00,43.72475823333334,10.391505433333334,3
safety,2024-11-06 10:01:35+00:00,43.72169055,10.408300800000001,10
safety,2024-11-07 10:01:35+00:00,43.72475823333334,10.391505433333334,3
safety,2024-11-07 10:01:35+00:00,43.72224961111111,10.408215366666665,9
safety,2024-11-08 10:01:35+00:00,43.7245725,10.391606575,4
safety,2024-11-08 10:01:35+00:00,43.722868175,10.4083345375,8
safety,2024-11-09 10:01:35+00:00,43.7245725,10.391606575,4
safety,2024-11-09 10:01:35+00:00,43.722868175,10.4083345375,8
safety,2024-11-10 10:01:35+00:00,43.7245725,10.391606575,4
safety,2024-11-10 10:01:35+00:00,43.72261193333334,10.408479766666666,9
safety,2024-11-11 10:01:35+00:00,43.7245725,10.391606575,4
safety,2024-11-11 10:01:35+00:00,43.72261193333334,10.408479766666666,9
safety,2024-11-12 10:01:35+00:00,43.724504780000004,10.3915606,5
safety,2024-11-12 10:01:35+00:00,43.7234793,10.407752366666665,9
safety,2024-11-13 10:01:35+00:00,43.724504780000004,10.3915606,5
safety,2024-11-13 10:01:35+00:00,43.72198190909091,10.40736600909091,11
safety,2024-11-14 10:01:35+00:00,43.724879725,10.3919488,4
safety,2024-11-14 10:01:35+00:00,43.72151868181819,10.40654940909091,11
safety,2024-11-15 10:01:35+00:00,43.724879725,10.3919488,4
safety,2024-11-15 10:01:35+00:00,43.720481680000006,10.406623430000002,10
safety,2024-11-16 10:01:35+00:00,43.724879725,10.3919488,4
safety,2024-11-16 10:01:35+00:00,43.720474640000006,10.40631566,10
safety,2024-11-17 10:01:35+00:00,43.71965863636364,10.406299927272729,11
safety,2024-11-18 10:01:35+00:00,43.71965863636364,10.406299927272729,11
safety,2024-11-19 10:01:35+00:00,43.72068339166666,10.4062608,12
safety,2024-11-20 10:01:35+00:00,43.71683035555555,10.405159355555556,9
safety,2024-11-21 10:01:35+00:00,43.71680506,10.40553886,10
safety,2024-11-22 10:01:35+00:00,43.71680506,10.40553886,10
safety,2024-11-23 10:01:35+00:00,43.71680506,10.40553886,10
safety,2024-11-24 10:01:35+00:00,43.71680506,10.40553886,10
safety,2024-11-25 10:01:35+00:00,43.71680506,10.40553886,10
safety,2024-11-26 10:01:35+00:00,43.716796450000004,10.406785510000002,10
safety,2024-11-27 10:01:35+00:00,43.716796450000004,10.406785510000002,10
safety,2024-11-28 10:01:35+00:00,43.716796450000004,10.406785510000002,10
safety,2024-11-29 10:01:35+00:00,43.717651707692305,10.40766533076923,13
safety,2024-11-30 10:01:35+00:00,43.71966793125,10.407143925,16
safety,2024-12-01 10:01:35+00:00,43.719737975,10.4073636125,16
safety,2024-12-02 10:01:35+00:00,43.719737975,10.4073636125,16
safety,2024-12-03 10:01:35+00:00,43.71817144285715,10.40752792142857,14
safety,2024-12-04 10:01:35+00:00,43.71865940833333,10.407844674999998,12
safety,2024-12-05 10:01:35+00:00,43.720531538461536,10.407729546153847,13
safety,2024-12-06 10:01:35+00:00,43.720531538461536,10.407729546153847,13
safety,2024-12-07 10:01:35+00:00,43.72059633333333,10.408061008333332,12
safety,2024-12-08 10:01:35+00:00,43.721423400000006,10.408235409090908,11
safety,2024-12-09 10:01:35+00:00,43.721423400000006,10.408235409090908,11
safety,2024-12-10 10:01:35+00:00,43.72037017000001,10.40847591,10
safety,2024-12-11 10:01:35+00:00,43.721108444444454,10.409172166666666,9
safety,2024-12-12 10:01:35+00:00,43.72180828888889,10.40976701111111,9
safety,2024-12-13 10:01:35+00:00,43.72175634,10.41009897,10
safety,2024-12-14 10:01:35+00:00,43.72175634,10.41009897,10
safety,2024-12-15 10:01:35+00:00,43.721025972727276,10.409418181818182,11
safety,2024-12-16 10:01:35+00:00,43.721025972727276,10.409418181818182,11
safety,2024-12-17 10:01:35+00:00,43.721046040000004,10.40873083,10
safety,2024-12-18 10:01:35+00:00,43.721046040000004,10.40873083,10
safety,2024-12-19 10:01:35+00:00,43.721046040000004,10.40873083,10
safety,2024-12-20 10:01:35+00:00,43.71984678,10.40417246,5
safety,2024-12-20 10:01:35+00:00,43.72194916666667,10.413517066666666,3
safety,2024-12-21 10:01:35+00:00,43.71606396666667,10.404671366666667,3
safety,2024-12-21 10:01:35+00:00,43.72194916666667,10.413517066666666,3
safety,2024-12-22 10:01:35+00:00,43.71606396666667,10.404671366666667,3
safety,2024-12-23 10:01:35+00:00,43.715658375,10.405314025,4
safety,2024-12-24 10:01:35+00:00,43.715658375,10.405314025,4
safety,2024-12-25 10:01:35+00:00,43.715658375,10.405314025,4
safety,2024-12-26 10:01:35+00:00,43.715658375,10.405314025,4
safety,2024-12-27 10:01:35+00:00,43.715658375,10.405314025,4
safety,2024-12-28 10:01:35+00:00,43.716207575,10.4045905,4
safety,2024-12-28 10:01:35+00:00,43.72164093333333,10.414286733333332,3
safety,2024-12-29 10:01:35+00:00,43.716207575,10.4045905,4
safety,2024-12-29 10:01:35+00:00,43.72164093333333,10.414286733333332,3
safety,2024-12-30 10:01:35+00:00,43.71661932,10.404293319999999,5
safety,2024-12-30 10:01:35+00:00,43.72164093333333,10.414286733333332,3
safety,2024-12-31 10:01:35+00:00,43.71661932,10.404293319999999,5
safety,2024-12-31 10:01:35+00:00,43.72164093333333,10.414286733333332,3
safety,2025-01-01 10:01:35+00:00,43.71661932,10.404293319999999,5
safety,2025-01-01 10:01:35+00:00,43.72164093333333,10.414286733333332,3
safety,2025-01-02 10:01:35+00:00,43.71661932,10.404293319999999,5
safety,2025-01-03 10:01:35+00:00,43.71661932,10.404293319999999,5
safety,2025-01-04 10:01:35+00:00,43.717168583333326,10.404188916666666,6
safety,2025-01-05 10:01:35+00:00,43.71785784,10.404504639999999,5
safety,2025-01-06 10:01:35+00:00,43.71785784,10.404504639999999,5
safety,2025-01-07 10:01:35+00:00,43.71785784,10.404504639999999,5
safety,2025-01-08 10:01:35+00:00,43.71785784,10.404504639999999,5
safety,2025-01-09 10:01:35+00:00,43.71785784,10.404504639999999,5
safety,2025-01-10 10:01:35+00:00,43.718290125,10.40415595,4
safety,2025-01-11 10:01:35+00:00,43.718290125,10.40415595,4
safety,2025-01-11 10:01:35+00:00,43.72143906666667,10.388876866666665,3
safety,2025-01-12 10:01:35+00:00,43.718290125,10.40415595,4
safety,2025-01-12 10:01:35+00:00,43.72143906666667,10.388876866666665,3
safety,2025-01-13 10:01:35+00:00,43.72143906666667,10.388876866666665,3
safety,2025-01-13 10:01:35+00:00,43.719265050000004,10.403722749999998,4
safety,2025-01-14 10:01:35+00:00,43.72143906666667,10.388876866666665,3
safety,2025-01-14 10:01:35+00:00,43.71747828333333,10.4044905,6
safety,2025-01-15 10:01:35+00:00,43.72143906666667,10.388876866666665,3
safety,2025-01-15 10:01:35+00:00,43.71826723333333,10.40763102222222,9
safety,2025-01-16 10:01:35+00:00,43.722345075,10.389254425,4
safety,2025-01-16 10:01:35+00:00,43.71781273999999,10.40712895,10
safety,2025-01-17 10:01:35+00:00,43.722345075,10.389254425,4
safety,2025-01-17 10:01:35+00:00,43.71781273999999,10.40712895,10
safety,2025-01-18 10:01:35+00:00,43.722345075,10.389254425,4
safety,2025-01-18 10:01:35+00:00,43.7171039625,10.4066517,8
safety,2025-01-19 10:01:35+00:00,43.722345075,10.389254425,4
safety,2025-01-19 10:01:35+00:00,43.7171039625,10.4066517,8
safety,2025-01-20 10:01:35+00:00,43.722345075,10.389254425,4
safety,2025-01-20 10:01:35+00:00,43.716937914285715,10.40715842857143,7
aesthetic,2024-10-01 10:01:35+00:00,43.71911357272727,10.40494836666667,33
aesthetic,2024-10-02 10:01:35+00:00,43.71937518484848,10.404974751515152,33
aesthetic,2024-10-03 10:01:35+00:00,43.71948731818182,10.404191196969698,33
aesthetic,2024-10-04 10:01:35+00:00,43.71951165333334,10.404373620000001,30
aesthetic,2024-10-05 10:01:35+00:00,43.718281668,10.406364724,25
aesthetic,2024-10-05 10:01:35+00:00,43.724975199999996,10.391155366666668,3
aesthetic,2024-10-06 10:01:35+00:00,43.71934855333334,10.404403633333335,30
aesthetic,2024-10-07 10:01:35+00:00,43.719225896296294,10.40316924814815,27
aesthetic,2024-10-08 10:01:35+00:00,43.7192585037037,10.402453044444444,27
aesthetic,2024-10-09 10:01:35+00:00,43.71947143461538,10.402446996153847,26
aesthetic,2024-10-10 10:01:35+00:00,43.71894098846155,10.4028897,26
aesthetic,2024-10-11 10:01:35+00:00,43.718967875999994,10.402885076,25
aesthetic,2024-10-12 10:01:35+00:00,43.719184828571436,10.402251925,28
aesthetic,2024-10-13 10:01:35+00:00,43.71805159,10.40724046,20
aesthetic,2024-10-13 10:01:35+00:00,43.72254800000001,10.388842250000001,6
aesthetic,2024-10-14 10:01:35+00:00,43.71829274285714,10.407526704761906,21
aesthetic,2024-10-14 10:01:35+00:00,43.72254800000001,10.388842250000001,6
aesthetic,2024-10-15 10:01:35+00:00,43.71885321818181,10.407506481818181,22
aesthetic,2024-10-15 10:01:35+00:00,43.72254800000001,10.388842250000001,6
aesthetic,2024-10-16 10:01:35+00:00,43.71872083478261,10.407451247826087,23
aesthetic,2024-10-16 10:01:35+00:00,43.72254800000001,10.388842250000001,6
aesthetic,2024-10-17 10:01:35+00:00,43.71973567666668,10.402913893333332,30
aesthetic,2024-10-18 10:01:35+00:00,43.71990012758622,10.402738327586205,29
aesthetic,2024-10-19 10:01:35+00:00,43.72030317333335,10.40259901,30
aesthetic,2024-10-20 10:01:35+00:00,43.720479896666674,10.402666503333334,30
aesthetic,2024-10-21 10:01:35+00:00,43.72022789285715,10.401847978571428,28
aesthetic,2024-10-22 10:01:35+00:00,43.7202767724138,10.402237465517242,29
aesthetic,2024-10-23 10:01:35+00:00,43.72011376071429,10.402139203571428,28
aesthetic,2024-10-24 10:01:35+00:00,43.72010746296297,10.402910614814816,27
aesthetic,2024-10-25 10:01:35+00:00,43.719936938461544,10.402699226923078,26
aesthetic,2024-10-26 10:01:35+00:00,43.720182240000014,10.402650426666666,30
aesthetic,2024-10-27 10:01:35+00:00,43.718905390476195,10.407791966666666,21
aesthetic,2024-10-27 10:01:35+00:00,43.72327819,10.38887987,10
aesthetic,2024-10-28 10:01:35+00:00,43.718991466666665,10.40765448095238,21
aesthetic,2024-10-28 10:01:35+00:00,43.723477288888894,10.388957699999999,9
aesthetic,2024-10-29 10:01:35+00:00,43.718991466666665,10.40765448095238,21
aesthetic,2024-10-29 10:01:35+00:00,43.723824900000004,10.3894889875,8
aesthetic,2024-10-30 10:01:35+00:00,43.719472460869554,10.407792269565219,23
aesthetic,2024-10-30 10:01:35+00:00,43.723824900000004,10.3894889875,8
aesthetic,2024-10-31 10:01:35+00:00,43.7200790090909,10.407988700000002,22
aesthetic,2024-10-31 10:01:35+00:00,43.723824900000004,10.3894889875,8
aesthetic,2024-11-01 10:01:35+00:00,43.7210454,10.402871306451615,31
aesthetic,2024-11-02 10:01:35+00:00,43.721322348148156,10.403550870370372,27
aesthetic,2024-11-03 10:01:35+00:00,43.72120260333334,10.403425233333333,30
aesthetic,2024-11-04 10:01:35+00:00,43.72148615000001,10.402960107142858,28
aesthetic,2024-11-05 10:01:35+00:00,43.721139300000004,10.402843800000001,28
aesthetic,2024-11-06 10:01:35+00:00,43.721342275,10.403123035714287,28
aesthetic,2024-11-07 10:01:35+00:00,43.721588416,10.4037371,25
aesthetic,2024-11-08 10:01:35+00:00,43.721933832000005,10.403131452,25
aesthetic,2024-11-09 10:01:35+00:00,43.722111876,10.402870556,25
aesthetic,2024-11-10 10:01:35+00:00,43.722221861538465,10.403319250000001,26
aesthetic,2024-11-11 10:01:35+00:00,43.722300563999994,10.403293096,25
aesthetic,2024-11-12 10:01:35+00:00,43.72252151153846,10.403048973076922,26
aesthetic,2024-11-13 10:01:35+00:00,43.72191230344828,10.40363540689655,29
aesthetic,2024-11-14 10:01:35+00:00,43.721463113333336,10.403365873333334,30
aesthetic,2024-11-15 10:01:35+00:00,43.72168947272727,10.403039424242424,33
aesthetic,2024-11-16 10:01:35+00:00,43.721494263636366,10.402772639393937,33
aesthetic,2024-11-17 10:01:35+00:00,43.72090297096774,10.40403863548387,31
aesthetic,2024-11-18 10:01:35+00:00,43.721148666666664,10.40402219,30
aesthetic,2024-11-19 10:01:35+00:00,43.720987658064516,10.403953996774192,31
aesthetic,2024-11-20 10:01:35+00:00,43.720724422580645,10.403580606451612,31
aesthetic,2024-11-21 10:01:35+00:00,43.720198265625,10.403956449999999,32
aesthetic,2024-11-22 10:01:35+00:00,43.720202403225805,10.404169651612904,31
aesthetic,2024-11-23 10:01:35+00:00,43.720049242424246,10.403508490909092,33
aesthetic,2024-11-24 10:01:35+00:00,43.7224878,10.389035083333333,6
aesthetic,2024-11-24 10:01:35+00:00,43.71952494399999,10.406513735999999,25
aesthetic,2024-11-25 10:01:35+00:00,43.7224878,10.389035083333333,6
aesthetic,2024-11-25 10:01:35+00:00,43.719419166666675,10.406847066666668,27
aesthetic,2024-11-26 10:01:35+00:00,43.7224878,10.389035083333333,6
aesthetic,2024-11-26 10:01:35+00:00,43.71942218214286,10.407044635714284,28
aesthetic,2024-11-27 10:01:35+00:00,43.71991653235295,10.403399155882354,34
aesthetic,2024-11-28 10:01:35+00:00,43.71991653235295,10.403399155882354,34
aesthetic,2024-11-29 10:01:35+00:00,43.7221823,10.3884601,5
aesthetic,2024-11-29 10:01:35+00:00,43.71933568709677,10.4067395,31
aesthetic,2024-11-30 10:01:35+00:00,43.72197915,10.388087075,4
aesthetic,2024-11-30 10:01:35+00:00,43.719092032258054,10.406592438709676,31
aesthetic,2024-12-01 10:01:35+00:00,43.72197915,10.388087075,4
aesthetic,2024-12-01 10:01:35+00:00,43.71910556129032,10.406561783870968,31
aesthetic,2024-12-02 10:01:35+00:00,43.72197915,10.388087075,4
aesthetic,2024-12-02 10:01:35+00:00,43.71910556129032,10.406561783870968,31
aesthetic,2024-12-03 10:01:35+00:00,43.72197915,10.388087075,4
aesthetic,2024-12-03 10:01:35+00:00,43.718542819999996,10.40653082,30
aesthetic,2024-12-04 10:01:35+00:00,43.722430100000004,10.388745,5
aesthetic,2024-12-04 10:01:35+00:00,43.718650857142855,10.406123685714286,28
aesthetic,2024-12-05 10:01:35+00:00,43.722430100000004,10.388745,5
aesthetic,2024-12-05 10:01:35+00:00,43.71961646428571,10.406213853571428,28
aesthetic,2024-12-06 10:01:35+00:00,43.71970445757576,10.403567175757576,33
aesthetic,2024-12-07 10:01:35+00:00,43.71866669999999,10.403956966666668,27
aesthetic,2024-12-07 10:01:35+00:00,43.7286719,10.405802525,4
aesthetic,2024-12-08 10:01:35+00:00,43.71904818571429,10.403665189285716,28
aesthetic,2024-12-08 10:01:35+00:00,43.7286719,10.405802525,4
aesthetic,2024-12-09 10:01:35+00:00,43.71905865517242,10.404185737931035,29
aesthetic,2024-12-09 10:01:35+00:00,43.7286719,10.405802525,4
aesthetic,2024-12-10 10:01:35+00:00,43.71929748275862,10.40461173448276,29
aesthetic,2024-12-10 10:01:35+00:00,43.7286719,10.405802525,4
aesthetic,2024-12-11 10:01:35+00:00,43.719482033333335,10.404289856666669,30
aesthetic,2024-12-11 10:01:35+00:00,43.72917593333333,10.406172233333335,3
aesthetic,2024-12-12 10:01:35+00:00,43.719705534482756,10.404192655172414,29
aesthetic,2024-12-12 10:01:35+00:00,43.72917593333333,10.406172233333335,3
aesthetic,2024-12-13 10:01:35+00:00,43.719758309999996,10.40448912,30
aesthetic,2024-12-13 10:01:35+00:00,43.72917593333333,10.406172233333335,3
aesthetic,2024-12-14 10:01:35+00:00,43.71990968275862,10.405016637931034,29
aesthetic,2024-12-14 10:01:35+00:00,43.7293221,10.406313375,4
aesthetic,2024-12-15 10:01:35+00:00,43.71963113793103,10.405515020689656,29
aesthetic,2024-12-15 10:01:35+00:00,43.72983642,10.40624282,5
aesthetic,2024-12-16 10:01:35+00:00,43.71974478148147,10.405107711111112,27
aesthetic,2024-12-16 10:01:35+00:00,43.730179066666665,10.406176516666665,6
aesthetic,2024-12-17 10:01:35+00:00,43.71970776399999,10.40486816,25
aesthetic,2024-12-17 10:01:35+00:00,43.730179066666665,10.406176516666665,6
aesthetic,2024-12-18 10:01:35+00:00,43.71979929230769,10.404717642307693,26
aesthetic,2024-12-18 10:01:35+00:00,43.729882857142854,10.4054163,7
aesthetic,2024-12-19 10:01:35+00:00,43.72184445,10.40460309473684,38
aesthetic,2024-12-20 10:01:35+00:00,43.72192556666667,10.403563644444445,36
aesthetic,2024-12-21 10:01:35+00:00,43.7219915342857,10.40366158857143,35
aesthetic,2024-12-22 10:01:35+00:00,43.72180044117647,10.40317513235294,34
aesthetic,2024-12-23 10:01:35+00:00,43.72159229166667,10.402873658333332,36
aesthetic,2024-12-24 10:01:35+00:00,43.721712389189186,10.403161337837837,37
aesthetic,2024-12-25 10:01:35+00:00,43.72177733333333,10.403016891666667,36
aesthetic,2024-12-26 10:01:35+00:00,43.72138887058823,10.402866099999997,34
aesthetic,2024-12-27 10:01:35+00:00,43.72152444242424,10.402942066666668,33
aesthetic,2024-12-28 10:01:35+00:00,43.72128775757576,10.403100112121212,33
aesthetic,2024-12-29 10:01:35+00:00,43.72087758333333,10.4075353875,24
aesthetic,2024-12-29 10:01:35+00:00,43.72345688750001,10.389038175,8
aesthetic,2024-12-30 10:01:35+00:00,43.720778208,10.407160084,25
aesthetic,2024-12-30 10:01:35+00:00,43.72345688750001,10.389038175,8
aesthetic,2024-12-31 10:01:35+00:00,43.72068215833334,10.406864166666667,24
aesthetic,2024-12-31 10:01:35+00:00,43.72345688750001,10.389038175,8
aesthetic,2025-01-01 10:01:35+00:00,43.72085400434783,10.40677145652174,23
aesthetic,2025-01-01 10:01:35+00:00,43.723689300000004,10.389162414285716,7
aesthetic,2025-01-02 10:01:35+00:00,43.7203482173913,10.406444547826085,23
aesthetic,2025-01-02 10:01:35+00:00,43.723689300000004,10.389162414285716,7
aesthetic,2025-01-03 10:01:35+00:00,43.72118408125,10.402458450000001,32
aesthetic,2025-01-04 10:01:35+00:00,43.72061766666667,10.402439760606061,33
aesthetic,2025-01-05 10:01:35+00:00,43.720476354838716,10.40232068387097,31
aesthetic,2025-01-06 10:01:35+00:00,43.72040406969697,10.402977642424243,33
aesthetic,2025-01-07 10:01:35+00:00,43.72040406969697,10.402977642424243,33
aesthetic,2025-01-08 10:01:35+00:00,43.71987856363637,10.402470448484848,33
aesthetic,2025-01-09 10:01:35+00:00,43.718704034999995,10.408032905,20
aesthetic,2025-01-09 10:01:35+00:00,43.72197305,10.388315237499999,8
aesthetic,2025-01-10 10:01:35+00:00,43.71883957894737,10.408145194736841,19
aesthetic,2025-01-10 10:01:35+00:00,43.72203171428571,10.388342485714286,7
aesthetic,2025-01-11 10:01:35+00:00,43.71883957894737,10.408145194736841,19
aesthetic,2025-01-11 10:01:35+00:00,43.72203171428571,10.388342485714286,7
aesthetic,2025-01-12 10:01:35+00:00,43.71912495555556,10.408453355555556,18
aesthetic,2025-01-12 10:01:35+00:00,43.72203171428571,10.388342485714286,7
aesthetic,2025-01-13 10:01:35+00:00,43.719327594736846,10.408553547368422,19
aesthetic,2025-01-13 10:01:35+00:00,43.72209268333333,10.388357033333333,6
aesthetic,2025-01-14 10:01:35+00:00,43.71835698095238,10.4078967,21
aesthetic,2025-01-14 10:01:35+00:00,43.72209268333333,10.388357033333333,6
aesthetic,2025-01-15 10:01:35+00:00,43.71839978181818,10.408104168181818,22
aesthetic,2025-01-15 10:01:35+00:00,43.72237194,10.38908696,5
aesthetic,2025-01-16 10:01:35+00:00,43.71847394,10.407940975999999,25
aesthetic,2025-01-16 10:01:35+00:00,43.72237194,10.38908696,5
aesthetic,2025-01-17 10:01:35+00:00,43.71828187916666,10.407677595833333,24
aesthetic,2025-01-17 10:01:35+00:00,43.722790825000004,10.39018185,4
aesthetic,2025-01-18 10:01:35+00:00,43.718295026086956,10.407606778260869,23
aesthetic,2025-01-18 10:01:35+00:00,43.722790825000004,10.39018185,4
aesthetic,2025-01-19 10:01:35+00:00,43.71835037916666,10.407269416666667,24
aesthetic,2025-01-19 10:01:35+00:00,43.722082300000004,10.389830825,4
aesthetic,2025-01-20 10:01:35+00:00,43.718302913636364,10.407161459090908,22
aesthetic,2025-01-20 10:01:35+00:00,43.722082300000004,10.389830825,4
wildlife,2024-10-01 10:01:35+00:00,43.726913275,10.405478575,4
wildlife,2024-10-02 10:01:35+00:00,43.726913275,10.405478575,4
wildlife,2024-10-03 10:01:35+00:00,43.726913275,10.405478575,4
wildlife,2024-10-16 10:01:35+00:00,43.7229319,10.389193566666666,3
wildlife,2024-10-16 10:01:35+00:00,43.73184883333334,10.405944733333333,3
wildlife,2024-10-17 10:01:35+00:00,43.7229319,10.389193566666666,3
wildlife,2024-10-17 10:01:35+00:00,43.73184883333334,10.405944733333333,3
wildlife,2024-10-18 10:01:35+00:00,43.7229319,10.389193566666666,3
wildlife,2024-10-18 10:01:35+00:00,43.73184883333334,10.405944733333333,3
wildlife,2024-10-19 10:01:35+00:00,43.7229319,10.389193566666666,3
wildlife,2024-10-19 10:01:35+00:00,43.73184883333334,10.405944733333333,3
wildlife,2024-10-20 10:01:35+00:00,43.7229319,10.389193566666666,3
wildlife,2024-10-21 10:01:35+00:00,43.7229319,10.389193566666666,3
wildlife,2024-10-22 10:01:35+00:00,43.7229319,10.389193566666666,3
wildlife,2024-10-23 10:01:35+00:00,43.7229319,10.389193566666666,3
wildlife,2024-10-24 10:01:35+00:00,43.7229319,10.389193566666666,3
wildlife,2024-10-27 10:01:35+00:00,43.72359253333334,10.393469999999999,3
wildlife,2024-10-28 10:01:35+00:00,43.72359253333334,10.393469999999999,3
wildlife,2024-10-29 10:01:35+00:00,43.72359253333334,10.393469999999999,3
wildlife,2024-10-30 10:01:35+00:00,43.72359253333334,10.393469999999999,3
wildlife,2024-10-31 10:01:35+00:00,43.72359253333334,10.393469999999999,3
wildlife,2024-11-01 10:01:35+00:00,43.72359253333334,10.393469999999999,3
wildlife,2024-11-02 10:01:35+00:00,43.72359253333334,10.393469999999999,3
wildlife,2024-11-16 10:01:35+00:00,43.722232580000004,10.401159340000001,5
wildlife,2024-11-17 10:01:35+00:00,43.72148976666667,10.40545,3
wildlife,2024-11-18 10:01:35+00:00,43.72148976666667,10.40545,3
wildlife,2024-11-19 10:01:35+00:00,43.72148976666667,10.40545,3
wildlife,2024-11-20 10:01:35+00:00,43.72148976666667,10.40545,3
wildlife,2024-11-21 10:01:35+00:00,43.72148976666667,10.40545,3
wildlife,2024-11-22 10:01:35+00:00,43.72148976666667,10.40545,3
wildlife,2024-11-23 10:01:35+00:00,43.72208116,10.40476624,5
wildlife,2024-11-24 10:01:35+00:00,43.72208116,10.40476624,5
wildlife,2024-11-25 10:01:35+00:00,43.72120535,10.40549715,6
wildlife,2024-11-26 10:01:35+00:00,43.72120535,10.40549715,6
wildlife,2024-11-27 10:01:35+00:00,43.72120535,10.40549715,6
wildlife,2024-11-28 10:01:35+00:00,43.72120535,10.40549715,6
wildlife,2024-11-29 10:01:35+00:00,43.72120535,10.40549715,6
wildlife,2024-11-30 10:01:35+00:00,43.71705480000001,10.405567450000001,4
wildlife,2024-12-01 10:01:35+00:00,43.71705480000001,10.405567450000001,4
wildlife,2024-12-02 10:01:35+00:00,43.71705480000001,10.405567450000001,4
wildlife,2024-12-03 10:01:35+00:00,43.71705480000001,10.405567450000001,4
wildlife,2024-12-04 10:01:35+00:00,43.71715253333334,10.4044082,3
wildlife,2024-12-05 10:01:35+00:00,43.71715253333334,10.4044082,3
wildlife,2024-12-06 10:01:35+00:00,43.71715253333334,10.4044082,3
wildlife,2025-01-14 10:01:35+00:00,43.7138822,10.4046642,3
wildlife,2025-01-15 10:01:35+00:00,43.7138822,10.4046642,3
wildlife,2025-01-16 10:01:35+00:00,43.7138822,10.4046642,3
wildlife,2025-01-17 10:01:35+00:00,43.7138822,10.4046642,3
wildlife,2025-01-18 10:01:35+00:00,43.7138822,10.4046642,3
wildlife,2025-01-19 10:01:35+00:00,43.7138822,10.4046642,3
wildlife,2025-01-20 10:01:35+00:00,43.7138822,10.4046642,3
